{"cameraMode":{"drawMode":0,"name":"Shaded","section":"Shading Mode"},"sceneLighting":true,"audioPlay":false,"sceneViewState":{"showFog":true,"showMaterialUpdate":false,"showSkybox":true,"showFlares":true,"showImageEffects":true,"showParticleSystems":true},"in2DMode":false,"pivot":{"x":0.0,"y":1.9900000095367432,"z":-3.950000047683716},"rotation":{"x":0.04728054627776146,"y":-0.8987602591514587,"z":0.4242176115512848,"w":0.10017052292823792},"size":9.517524719238282,"orthographic":false}