{"cameraMode":{"drawMode":0,"name":"Shaded","section":"Shading Mode"},"sceneLighting":false,"audioPlay":false,"sceneViewState":{"showFog":true,"showMaterialUpdate":false,"showSkybox":true,"showFlares":true,"showImageEffects":true,"showParticleSystems":true},"in2DMode":false,"pivot":{"x":40.623741149902347,"y":-5.881777763366699,"z":4.132026672363281},"rotation":{"x":0.2828570306301117,"y":0.28255996108055117,"z":-0.08759786188602448,"w":0.9124025702476502},"size":-0.4421160817146301,"orthographic":false}