{"cameraMode":{"drawMode":0,"name":"Shaded","section":"Shading Mode"},"sceneLighting":false,"audioPlay":false,"sceneViewState":{"showFog":true,"showMaterialUpdate":false,"showSkybox":true,"showFlares":true,"showImageEffects":true,"showParticleSystems":true},"in2DMode":false,"pivot":{"x":53.498443603515628,"y":-11.728222846984864,"z":-3.6813621520996095},"rotation":{"x":0.06986861675977707,"y":-0.74795001745224,"z":0.07975617051124573,"w":0.6552313566207886},"size":4.041658401489258,"orthographic":false}