{"cameraMode":{"drawMode":0,"name":"Shaded","section":"Shading Mode"},"sceneLighting":false,"audioPlay":false,"sceneViewState":{"showFog":true,"showMaterialUpdate":false,"showSkybox":true,"showFlares":true,"showImageEffects":true,"showParticleSystems":true},"in2DMode":false,"pivot":{"x":0.0,"y":6.449999809265137,"z":11.369999885559082},"rotation":{"x":0.22802744805812837,"y":-0.36524081230163576,"z":0.09276910126209259,"w":0.8977731466293335},"size":2.8578836917877199,"orthographic":false}