{"cameraMode":{"drawMode":0,"name":"Shaded","section":"Shading Mode"},"sceneLighting":false,"audioPlay":false,"sceneViewState":{"showFog":true,"showMaterialUpdate":false,"showSkybox":true,"showFlares":true,"showImageEffects":true,"showParticleSystems":true},"in2DMode":false,"pivot":{"x":40.623741149902347,"y":-5.881777763366699,"z":4.132026672363281},"rotation":{"x":0.24619199335575105,"y":0.4879749119281769,"z":-0.14568115770816804,"w":0.8246496319770813},"size":2.8578836917877199,"orthographic":false}