{"cameraMode":{"drawMode":0,"name":"Shaded","section":"Shading Mode"},"sceneLighting":false,"audioPlay":false,"sceneViewState":{"showFog":true,"showMaterialUpdate":false,"showSkybox":true,"showFlares":true,"showImageEffects":true,"showParticleSystems":true},"in2DMode":false,"pivot":{"x":-44.80839538574219,"y":-17.219999313354493,"z":22.471363067626954},"rotation":{"x":0.21911939978599549,"y":-0.5710662007331848,"z":0.16157688200473786,"w":0.7744436860084534},"size":8.039554595947266,"orthographic":false}