{"cameraMode":{"drawMode":0,"name":"Shaded","section":"Shading Mode"},"sceneLighting":true,"audioPlay":false,"sceneViewState":{"showFog":true,"showMaterialUpdate":false,"showSkybox":true,"showFlares":true,"showImageEffects":true,"showParticleSystems":true},"in2DMode":false,"pivot":{"x":-8.753425598144532,"y":-0.47264450788497927,"z":-4.705179214477539},"rotation":{"x":-0.07540585100650788,"y":0.8291793465614319,"z":-0.11542174220085144,"w":-0.5417134165763855},"size":13.571985244750977,"orthographic":false}